Script started on 2024-07-29 12:32:45+05:30 [TERM="xterm-256color" TTY="/dev/pts/0" COLUMNS="190" LINES="48"]
[?2004h]0;alex@mint: ~/Desktop/Lab-Programs/Database-Management-Query-Processing-Lab-SEM5/Experiment 3[01;32malex@mint[00m:[01;34m~/Desktop/Lab-Programs/Database-Management-Query-Processing-Lab-SEM5/Experiment 3[00m$ sudo /opt/lamo[Kpp/lampp start
[?2004l[sudo] password for alex: **************              
Starting XAMPP for Linux 8.2.12-0...
XAMPP: Starting Apache...already running.
XAMPP: Starting MySQL...already running.
XAMPP: Starting ProFTPD...already running.
[?2004h]0;alex@mint: ~/Desktop/Lab-Programs/Database-Management-Query-Processing-Lab-SEM5/Experiment 3[01;32malex@mint[00m:[01;34m~/Desktop/Lab-Programs/Database-Management-Query-Processing-Lab-SEM5/Experiment 3[00m$ sudo o[K/opt/lampp/bin/mysql/s[K[K -u root
[?2004l(B[0;1mWelcome to the MariaDB monitor.  Commands end with ; or \g.
(B[m(B[0;1mYour MariaDB connection id is 10
Server version: 10.4.32-MariaDB Source distribution

(B[m(B[0;1mCopyright (c) 2000, 2018, Oracle, MariaDB Corporation Ab and others.

(B[m(B[0;1mType 'help;' or '\h' for help. Type '\c' to clear the current input statement.

(B[m[?1034hMariaDB [(none)]> desc[K[K[K[Kshow databases;
+--------------------+
| Database           |
+--------------------+
| information_schema |
| mysql              |
| performance_schema |
| phpmyadmin         |
| test               |
+--------------------+
(B[0;1m5 rows in set (0.001 sec)
(B[m(B[0;1m
(B[mMariaDB [(none)]> exit;
(B[0;1mBye
(B[m[?2004h]0;alex@mint: ~/Desktop/Lab-Programs/Database-Management-Query-Processing-Lab-SEM5/Experiment 3[01;32malex@mint[00m:[01;34m~/Desktop/Lab-Programs/Database-Management-Query-Processing-Lab-SEM5/Experiment 3[00m$ sudo /opt/lamppp[K/bin/mysqldump [K[K[K[K[K -u root
[?2004l(B[0;1mWelcome to the MariaDB monitor.  Commands end with ; or \g.
(B[m(B[0;1mYour MariaDB connection id is 11
Server version: 10.4.32-MariaDB Source distribution

(B[m(B[0;1mCopyright (c) 2000, 2018, Oracle, MariaDB Corporation Ab and others.

(B[m(B[0;1mType 'help;' or '\h' for help. Type '\c' to clear the current input statement.

(B[m[?1034hMariaDB [(none)]> create database expt3;
(B[0;1mQuery OK, 1 row affected (0.001 sec)
(B[m(B[0;1m
(B[mMariaDB [(none)]> create database expt3;[C[C[C[C[C[C[C[C[C[C[C[C[C[C[C[C[C[Cexit;[Kshow databases;
+--------------------+
| Database           |
+--------------------+
| expt3              |
| information_schema |
| mysql              |
| performance_schema |
| phpmyadmin         |
| test               |
+--------------------+
(B[0;1m6 rows in set (0.001 sec)
(B[m(B[0;1m
(B[mMariaDB [(none)]> exit;
(B[0;1mBye
(B[m[?2004h]0;alex@mint: ~/Desktop/Lab-Programs/Database-Management-Query-Processing-Lab-SEM5/Experiment 3[01;32malex@mint[00m:[01;34m~/Desktop/Lab-Programs/Database-Management-Query-Processing-Lab-SEM5/Experiment 3[00m$ sudo /opt/lampp/bin/mysql -u root[6Plampp startbin/mysql -u root[K[K[K[K[K[K[Kexpt3 < ep[Kxpt2a.sql
[?2004l[?2004h]0;alex@mint: ~/Desktop/Lab-Programs/Database-Management-Query-Processing-Lab-SEM5/Experiment 3[01;32malex@mint[00m:[01;34m~/Desktop/Lab-Programs/Database-Management-Query-Processing-Lab-SEM5/Experiment 3[00m$ sudo /opt/lampp/bin/mysql expt3 < expt2a.sql[11P-u root
[?2004l(B[0;1mWelcome to the MariaDB monitor.  Commands end with ; or \g.
(B[m(B[0;1mYour MariaDB connection id is 13
Server version: 10.4.32-MariaDB Source distribution

(B[m(B[0;1mCopyright (c) 2000, 2018, Oracle, MariaDB Corporation Ab and others.

(B[m(B[0;1mType 'help;' or '\h' for help. Type '\c' to clear the current input statement.

(B[m[?1034hMariaDB [(none)]> de[K[Kuse expt3;
Reading table information for completion of table and column names
You can turn off this feature to get a quicker startup with -A

(B[0;1mDatabase changed
(B[mMariaDB [expt3]> sho[K[K[Kse[K[Kdesc ta[K[K[K[K[K[K[Kshow tables;
+---------------------+
| Tables_in_expt3     |
+---------------------+
| Dept                |
| Employee            |
| Project             |
| emp_workson_project |
+---------------------+
(B[0;1m4 rows in set (0.001 sec)
(B[m(B[0;1m
(B[mMariaDB [expt3]> # Q3 list emol[K[Kol[K[Kployee number,nam[K[K[K name, department no, department name
MariaDB [expt3]> SELECT [K[K[K[K[K[K[Kdesc Employee;
+-----------+-------------+------+-----+---------+-------+
| Field     | Type        | Null | Key | Default | Extra |
+-----------+-------------+------+-----+---------+-------+
| Empno     | int(11)     | NO   | PRI | NULL    |       |
| Empname   | varchar(25) | NO   |     | NULL    |       |
| Gender    | varchar(1)  | YES  |     | NULL    |       |
| job       | varchar(25) | YES  |     | NULL    |       |
| managerno | int(11)     | YES  |     | NULL    |       |
| hiredate  | date        | YES  |     | NULL    |       |
| salary    | float(12,2) | YES  |     | NULL    |       |
| commision | float(10,2) | YES  |     | NULL    |       |
| deptno    | int(11)     | YES  | MUL | NULL    |       |
+-----------+-------------+------+-----+---------+-------+
(B[0;1m9 rows in set (0.003 sec)
(B[m(B[0;1m
(B[mMariaDB [expt3]> desc Dept;
+----------+-------------+------+-----+---------+-------+
| Field    | Type        | Null | Key | Default | Extra |
+----------+-------------+------+-----+---------+-------+
| Deptno   | int(11)     | NO   | PRI | NULL    |       |
| dname    | varchar(25) | NO   | UNI | NULL    |       |
| location | varchar(20) | YES  |     | NULL    |       |
+----------+-------------+------+-----+---------+-------+
(B[0;1m3 rows in set (0.002 sec)
(B[m(B[0;1m
(B[mMariaDB [expt3]> SELECT Empnno[Ko,[K[K[Ko, Empname, Deptno=[K[K[K[K[K[K[Kdeptno, dep[K[Kname FROM EM[Kmployee INNER JOIN Dept WHERE Emplouy[K[Kyee.deptno = Dept.Deptno;
ERROR 1052 (23000): Column 'deptno' in field list is ambiguous
(B[0;7m(B[mMariaDB [expt3]> SELECT Empno, Empname, deptno, dname FROM Employee INNER JOIN Dept WHERE Employee.deptno = Dept.Deptno;[C[C[C[C[C[C[C[C[C[C[C[C[C[C[C[C[1P[1@E[1P[1@D[C[1@e[1@p[1@t[1@.[1@d[1P[1@D[C[C[C[C[C[C[C[C[C[C[C[C[C[C[C[C[C[C[C[C[C[C[C[C[C[C[C[C[C[C[C[C[C[C[C[C[C[C[C[C[C[C[C[C[C[C[C[C[C[C[C[C[C[C[C[C[C[C[C[C[C[C[C[C[C[C[C[C[C[C[C[C[C[C[C[C[C[C[C
+-------+----------+--------+------------+
| Empno | Empname  | Deptno | dname      |
+-------+----------+--------+------------+
|    14 | Alice    |      1 | Accounting |
|     4 | Annie    |     20 | HR         |
|    10 | Lya      |     20 | HR         |
|    15 | Elliot   |     20 | HR         |
|     5 | Brandon  |     30 | Marketing  |
|     8 | Maria    |     30 | Marketing  |
|     9 | Max      |     10 | Research   |
|    13 | Theodore |     10 | Research   |
|     2 | Angelo   |      5 | Sales      |
|     6 | Bunni    |      5 | Sales      |
|     7 | Stella   |      5 | Sales      |
|    11 | Valery   |      5 | Sales      |
|    12 | Nikki    |      5 | Sales      |
+-------+----------+--------+------------+
(B[0;1m13 rows in set (0.002 sec)
(B[m(B[0;1m
(B[mMariaDB [expt3]> # [K Q2 List employeen[K name [K, depart m[K[Kment name, department location
MariaDB [expt3]> # Q2 List employee name, department name, department location[C[C[C[C[C[C[C[C[C[C[C[C[C[C[C[C[CSELECT Empno, Empname, Dept.Deptno, dname FROM Employee INNER JOIN Dept WHERE Employee.deptno = Dept.Deptno;[1P[1P[1P[1P[1P[1P[1P[1P[1P[1P[1P[1P[1P[1P[1P[1P[1P[1P[1P[1P[C[C[C[C[C[C[C[C[C[C[C[C[C[C[1@,[C[1@ [1@d[1P[1@l[1@o[1@c[1@a[1@t[1@i[1@o[1@n[C[C[C[C[C[C[C[C[C[C[C[C[C[C[C[C[C[C[C[C[C[C[C[C[C[C[C[C[C[C[C[C[C[C[C[C[C[C[C[C[C[C[C[C[C[C[C[C[C[C[C[C[C[C[C[C[C[C[C[C[C[C[C[C[C[C[C
+----------+------------+-----------+
| Empname  | dname      | location  |
+----------+------------+-----------+
| Alice    | Accounting | Vancouver |
| Angelo   | Sales      | Bengaluru |
| Bunni    | Sales      | Bengaluru |
| Stella   | Sales      | Bengaluru |
| Valery   | Sales      | Bengaluru |
| Nikki    | Sales      | Bengaluru |
| Max      | Research   | Dublin    |
| Theodore | Research   | Dublin    |
| Annie    | HR         | London    |
| Lya      | HR         | London    |
| Elliot   | HR         | London    |
| Brandon  | Marketing  | Hyderabad |
| Maria    | Marketing  | Hyderabad |
+----------+------------+-----------+
(B[0;1m13 rows in set (0.001 sec)
(B[m(B[0;1m
(B[mMariaDB [expt3]> # Q3 List employee name, department name for all clerks in the company
MariaDB [expt3]> # Q3 List employee name, department name for all clerks in the company[C[C[C[C[C[C[C[C[C[C[C[C[C[C[C[C[CSELECT Empname, dname, location FROM Employee INNER JOIN Dept WHERE Employee.deptno = Dept.Deptno;[1P[1P[1P[1P[1P[1P[1P[1P[1P[1P[C[C[C[C[C[C[C[C[C[C[C[C[C[C[C[C[C[C[C[C[C[C[C[C[C[C[C[C[C[C[C[C[C[C[C[C[C[C[C[C[C[C[C[C[C[C[C[C[C[C[C[C[C[C[C[C[C[C[C[1P[1P[1P[1P[1P[1P[1@j[1@o[1@b[C[C[C[C[C[C[C[C[C[C[C[C[C[C[1P;[1P;[1P;[1P;[1P;[1P;[1P;[1P;[1P;[1P;[1P;[1P;';[1P; ;';C;l;e;r;k;';[C
+---------+------------+
| Empname | dname      |
+---------+------------+
| Angelo  | Accounting |
| Angelo  | HR         |
| Angelo  | Marketing  |
| Angelo  | Research   |
| Angelo  | Sales      |
| Maria   | Accounting |
| Maria   | HR         |
| Maria   | Marketing  |
| Maria   | Research   |
| Maria   | Sales      |
| Nikki   | Accounting |
| Nikki   | HR         |
| Nikki   | Marketing  |
| Nikki   | Research   |
| Nikki   | Sales      |
+---------+------------+
(B[0;1m15 rows in set (0.001 sec)
(B[m(B[0;1m
(B[mMariaDB [expt3]> SELECT * FROM EML[K[Kmployee;
+-------+----------+--------+--------------+-----------+------------+----------+-----------+--------+
| Empno | Empname  | Gender | job          | managerno | hiredate   | salary   | commision | deptno |
+-------+----------+--------+--------------+-----------+------------+----------+-----------+--------+
|     2 | Angelo   | M      | Clerk        |       300 | 2023-01-09 | 40000.00 |  30000.00 |      5 |
|     4 | Annie    | F      | Analyst      |       120 | 2022-03-08 | 21000.00 |      NULL |     20 |
|     5 | Brandon  | M      | President    |       150 | 2023-10-05 | 24000.00 |      NULL |     30 |
|     6 | Bunni    | F      | HR           |       180 | 2020-05-05 | 35000.00 |      NULL |      5 |
|     7 | Stella   | F      | receptionist |       400 | 2022-06-18 | 38000.00 |  50000.00 |      5 |
|     8 | Maria    | F      | Clerk        |       450 | 2022-07-22 | 40000.00 |   3000.00 |     30 |
|     9 | Max      | M      | Engineer     |       500 | 2022-11-05 | 45000.00 |      NULL |     10 |
|    10 | Lya      | F      | Analyst      |       600 | 2023-06-04 | 42000.00 |      NULL |     20 |
|    11 | Valery   | M      | Manager      |       700 | 2023-04-22 | 50000.00 |      NULL |      5 |
|    12 | Nikki    | F      | Clerk        |       800 | 2024-02-11 | 37000.00 |  10000.00 |      5 |
|    13 | Theodore | M      | Technician   |       900 | 2021-03-01 | 33000.00 |   5000.00 |     10 |
|    14 | Alice    | F      | Consultant   |      1000 | 2022-01-19 | 53000.00 |      NULL |      1 |
|    15 | Elliot   | M      | Developer    |      1100 | 2024-02-24 | 48000.00 |      NULL |     20 |
+-------+----------+--------+--------------+-----------+------------+----------+-----------+--------+
(B[0;1m13 rows in set (0.001 sec)
(B[m(B[0;1m
(B[mMariaDB [expt3]> SELECT * FROM Employee;Empname, dname FROM Employee INNER JOIN Dept WHERE Employee.job = 'Clerk';[1P;";[1PClerk";"Clerk";[C[C[C[C[C[C[C[C[C[C[C[C[C[C[C[C[C[11P# Q3 List employee name, department name for all clerks in the company[C[C[C[C[C[C[C[C[C[C[C[C[C[C[C[C[CSELECT Empname, dname FROM Employee INNER JOIN Dept WHERE Employee.job = "Clerk";[C[C[C[C[C[C[C[C[C[C[C[C[C[C[C[C[C[C[C[C[C[C[C[C[C[C[C[C[C[C[C* FROM Employee;[K[1P;[1P;[1P;[1P;[1P;[1P;[1P;[1P;D;e;p;t;[C
+--------+------------+-----------+
| Deptno | dname      | location  |
+--------+------------+-----------+
|      1 | Accounting | Vancouver |
|      5 | Sales      | Bengaluru |
|     10 | Research   | Dublin    |
|     20 | HR         | London    |
|     30 | Marketing  | Hyderabad |
+--------+------------+-----------+
(B[0;1m5 rows in set (0.001 sec)
(B[m(B[0;1m
(B[mMariaDB [expt3]> SELECT * FROM Dept;Employee;Empname, dname FROM Employee INNER JOIN Dept WHERE Employee.job = "Clerk";[C[C[C[C[C[C[C[C[C[C[C[C[C[C[C[C[C[11P# Q3 List employee name, department name for all clerks in the company[C[C[C[C[C[C[C[C[C[C[C[C[C[C[C[C[CSELECT Empname, dname FROM Employee INNER JOIN Dept WHERE Employee.job = "Clerk";[C[C[C[C[C[C[C[C[C[C[C[C[C[C[C[C[C[C[C[C[C[C[C[C[C[C[C[C[C[1P[1P[1P[1P[1P[1@O[1@N[1@0[1P[C[C[C[C[C[C[C[C[C[C[C[C[C[C[C[C[C[C[C[C[C[C[C[C ;A;N;D; ;D;e;p;t;.;d;e;p;[1P;[1P;[1P;D;e;p;t;n;o; ;=; ;E;m;p;l;o;y;e;e;.;d;e;p;t;n;o;[C[C[C[1P[1P[1P[1@O[1@N[C[C[C[C[C[C[C[C[C[C[C[C[C[C[C[C[C[C[C[C[C[C[C[C[C[C[C[C[C[C[C[C[C[C[C[C[C[C[C[C[C[C[C[C[C[C[C[C[C[C[C[C[C[1P[1P[1P[1P[1P[1P[1P[1P[1P[1P[1P[1P[1P[1P[1P[1P[1P[1P[1P[1P[1P[1P[1P[1P[1P[1P[1@([C[C[C[C[C[C[C[C[C[C[C[C[C[C[1@)[1@S[C[1@E[1@L[C[1@E[1@C[1@T[1@ [1@*[1@ [1@F[1@R[1@O[1@M[1@ [1@C[1P[C[C[C[C[C[C[C[C[1@ [1@W[1@H[1@E[1@R[1@E[1@ [1@E[1@m[1@p[1@l[1@o[1@y[1@e[1@e[1@.[1@j[1@o[1@b[1@ [1@=[1@ [1@"[1@C[1@l[1@e[1@r[1@k[1@"[C[C[C[C[C[C[C[C[C[C[C[C[C[C[C[C[C[C[C[C[C[C[C[C[C[C[C[C[C[C[C[C[C[C[C[C[C[C[C[C[C[C[C[C[C[C[C[C[C[C[C
ERROR 1064 (42000): You have an error in your SQL syntax; check the manual that corresponds to your MariaDB server version for the right syntax to use near 'INNER JOIN Dept ON Dept.Deptno = Employee.deptno' at line 1
(B[0;7m(B[mMariaDB [expt3]> SELECT Empname, dname FROM (SELECT * FROM Employee WHERE Employee.job = "Clerk") INNER JOIN Dept ON Dept.Deptno = Employee.deptno;[1P[1P[1@W[1@H[1@E[1@R[1@E[C[C[C[C[C[C[C[C[C[C[C[C[C[C[C[C[C[C[C[C[C[C[C[C[C[C[C[C[C[C[C
ERROR 1064 (42000): You have an error in your SQL syntax; check the manual that corresponds to your MariaDB server version for the right syntax to use near 'INNER JOIN Dept WHERE Dept.Deptno = Employee.deptno' at line 1
(B[0;7m(B[mMariaDB [expt3]> SELECT Empname, dname FROM (SELECT * FROM Employee WHERE Employee.job = "Clerk") INNER JOIN Dept WHERE Dept.Deptno = Employee.deptno;[3PON[C[C[C[C[C[C[C[C[C[C[C[C[C[C[C[C[C[C[C[C[C[C[C[C[C[C[C[C[C[C[C[C[C[C[C[C[C[C[C[C[C[C[C[C[C[C[C[C[C[C[C[C[C[C[C* FROM Dept;[KEmployee;Empname, dname FROM Employee INNER JOIN Dept WHERE Employee.job = 'Clerk';[C[C[C[C[C[C[C[C[C[C[C[C[C[C[C[C[C[C[C[C[C[C[C[C[C[C[1@ [1@O[1@N[C[1@ [1@D[1P[1@E[1@m[1@p[1@l[1@o[1@y[1@e[1@e[1@.[1@d[1@n[1@a[1@m[1P[1P[1P[1@e[1@p[1@t[1@n[1@o[C[1@ [1@=[C[1@ [1@D[1@E[1P[1@e[1@p[1@t[1@.[C[1@ [1P[1@D[1@e[1@p[1@t[1@n[1@o[C[C[C[C[C[C[C[C[C[C[C[C[C[C[C[C[C[C[C[C[C[C[C[C[C[C[C[C[C[C
+---------+-----------+
| Empname | dname     |
+---------+-----------+
| Maria   | Marketing |
| Angelo  | Sales     |
| Nikki   | Sales     |
+---------+-----------+
(B[0;1m3 rows in set (0.001 sec)
(B[m(B[0;1m
(B[mMariaDB [expt3]> # Q4 List employee name, dept name, ji[K[Kji[K[Khis manager's name, manager's job
MariaDB [expt3]> ALTER TABLE Empname Mp[KP[KODIFY [K[K[K[K[K[K[K[K[K[K[K[K[K[K[K[K[K[K[K[K[K[K[K[K[K[K[KUPDATE TABLE EMpl[K[K[Kmployee SET [1P[1P[1P[1P[1P[1P[C[C[C[C[C[C[C[C[C[C[C[C[C m a n a g e r n o [C - [1P = [C 1 1 [C W H E R E [C d e p t n o [C = [C 5 ; [C
(B[0;1mQuery OK, 5 rows affected (0.004 sec)
(B[m(B[0;1mRows matched: 5  Changed: 5  Warnings: 0
(B[m(B[0;1m
(B[mMariaDB [expt3]> UPDATE Employee SET managerno = 11 WHERE deptno = 5; [C[C[C[C[C[C[C[C[C[C[C[C[C[C[C[C[C# Q4 List employee name, dept name, his manager's name, manager's job[C[C[C[C[C[C[C[C[C[C[C[C[C[C[C[C[CSELECT Empname, dname FROM Employee INNER JOIN Dept ON Employee.deptno = Dept.Deptno WHERE Employee.job = 'Clerk';[C[C[C[C[C[C[C[C[C[C[C[C[C[C[C[C[C[C[C[C[C[C[C[C[C[C[C[C[C[C[C[C[C[C[C[C[C[C[C[C[C[C[C[C(SELECT * FROM Employee WHERE Employee.job = "Clerk") INNER JOIN Dept WHERE Dept.Deptno = Employee.deptno;[3PON[C[C[C[C[C[C[C[C[C[C[C[C[C[C[C[C[C[C[C[C[C[C[C[C[C[C[C[C[C[C[C[C[C[C[C[C[C[C[C[C[C[C[C[C[C[C[C[C[C[C[C[C[C[C[C* FROM Dept;[KEmployee;
+-------+----------+--------+--------------+-----------+------------+----------+-----------+--------+
| Empno | Empname  | Gender | job          | managerno | hiredate   | salary   | commision | deptno |
+-------+----------+--------+--------------+-----------+------------+----------+-----------+--------+
|     2 | Angelo   | M      | Clerk        |        11 | 2023-01-09 | 40000.00 |  30000.00 |      5 |
|     4 | Annie    | F      | Analyst      |       120 | 2022-03-08 | 21000.00 |      NULL |     20 |
|     5 | Brandon  | M      | President    |       150 | 2023-10-05 | 24000.00 |      NULL |     30 |
|     6 | Bunni    | F      | HR           |        11 | 2020-05-05 | 35000.00 |      NULL |      5 |
|     7 | Stella   | F      | receptionist |        11 | 2022-06-18 | 38000.00 |  50000.00 |      5 |
|     8 | Maria    | F      | Clerk        |       450 | 2022-07-22 | 40000.00 |   3000.00 |     30 |
|     9 | Max      | M      | Engineer     |       500 | 2022-11-05 | 45000.00 |      NULL |     10 |
|    10 | Lya      | F      | Analyst      |       600 | 2023-06-04 | 42000.00 |      NULL |     20 |
|    11 | Valery   | M      | Manager      |        11 | 2023-04-22 | 50000.00 |      NULL |      5 |
|    12 | Nikki    | F      | Clerk        |        11 | 2024-02-11 | 37000.00 |  10000.00 |      5 |
|    13 | Theodore | M      | Technician   |       900 | 2021-03-01 | 33000.00 |   5000.00 |     10 |
|    14 | Alice    | F      | Consultant   |      1000 | 2022-01-19 | 53000.00 |      NULL |      1 |
|    15 | Elliot   | M      | Developer    |      1100 | 2024-02-24 | 48000.00 |      NULL |     20 |
+-------+----------+--------+--------------+-----------+------------+----------+-----------+--------+
(B[0;1m13 rows in set (0.001 sec)
(B[m(B[0;1m
(B[mMariaDB [expt3]> SELECT * FROM Employee;[C[C[C[C[C[C[C[C[C[C[C[C[C[C[C[C[CUPDATE Employee SET managerno = 11 WHERE deptno = 5; [C[C[1P[1P[1@1[1@5[C[C[C[C[C[C[C[C[C[C[C[C[C[C[C[C[C[1P[1@2[1@0[C
(B[0;1mQuery OK, 3 rows affected (0.003 sec)
(B[m(B[0;1mRows matched: 3  Changed: 3  Warnings: 0
(B[m(B[0;1m
(B[mMariaDB [expt3]> UPDATE Employee SET managerno = 15 WHERE deptno = 20; [C[C[C[C[C[C[C[C[C[C[C[C[C[C[C[C[C[C[1P[1@1[1P[1@3[1P[C[1P[1@3[1@ [1P[C[1@5[1P[C[C[C[C[C[C[C[C[C[C[C[C[C[C[C[C[C[C[C[C[C[K
(B[0;1mQuery OK, 2 rows affected (0.004 sec)
(B[m(B[0;1mRows matched: 2  Changed: 2  Warnings: 0
(B[m(B[0;1m
(B[mMariaDB [expt3]> UPDATE Employee SET managerno = 5 WHERE deptno = 30;15 WHERE deptno = 20; [C[C[C[C[C[C[C[C[C[C[C[C[C[C[C[C[C[31PSELECT * FROM Employee;
+-------+----------+--------+--------------+-----------+------------+----------+-----------+--------+
| Empno | Empname  | Gender | job          | managerno | hiredate   | salary   | commision | deptno |
+-------+----------+--------+--------------+-----------+------------+----------+-----------+--------+
|     2 | Angelo   | M      | Clerk        |        11 | 2023-01-09 | 40000.00 |  30000.00 |      5 |
|     4 | Annie    | F      | Analyst      |        15 | 2022-03-08 | 21000.00 |      NULL |     20 |
|     5 | Brandon  | M      | President    |         5 | 2023-10-05 | 24000.00 |      NULL |     30 |
|     6 | Bunni    | F      | HR           |        11 | 2020-05-05 | 35000.00 |      NULL |      5 |
|     7 | Stella   | F      | receptionist |        11 | 2022-06-18 | 38000.00 |  50000.00 |      5 |
|     8 | Maria    | F      | Clerk        |         5 | 2022-07-22 | 40000.00 |   3000.00 |     30 |
|     9 | Max      | M      | Engineer     |       500 | 2022-11-05 | 45000.00 |      NULL |     10 |
|    10 | Lya      | F      | Analyst      |        15 | 2023-06-04 | 42000.00 |      NULL |     20 |
|    11 | Valery   | M      | Manager      |        11 | 2023-04-22 | 50000.00 |      NULL |      5 |
|    12 | Nikki    | F      | Clerk        |        11 | 2024-02-11 | 37000.00 |  10000.00 |      5 |
|    13 | Theodore | M      | Technician   |       900 | 2021-03-01 | 33000.00 |   5000.00 |     10 |
|    14 | Alice    | F      | Consultant   |      1000 | 2022-01-19 | 53000.00 |      NULL |      1 |
|    15 | Elliot   | M      | Developer    |        15 | 2024-02-24 | 48000.00 |      NULL |     20 |
+-------+----------+--------+--------------+-----------+------------+----------+-----------+--------+
(B[0;1m13 rows in set (0.001 sec)
(B[m(B[0;1m
(B[mMariaDB [expt3]> SELECT * FROM Employee;[C[C[C[C[C[C[C[C[C[C[C[C[C[C[C[C[CUPDATE Employee SET managerno = 5 WHERE deptno = 30;[1P[1@9[C[C[C[C[C[C[C[C[C[C[C[C[C[C[C[C[C[C[1P0;10;[C ;A;N;D; ;d;e;p;t;n;o; ;=; ;1;[C
(B[0;1mQuery OK, 0 rows affected (0.001 sec)
(B[m(B[0;1m
(B[mMariaDB [expt3]> UPDATE Employee SET managerno = 9 WHERE deptno = 10 AND deptno = 1;[C[C[C[C[C[C[C[C[C[C[C[C[C[C[C[C[C[44PSELECT * FROM Employee;[C[C[C[C[C[C[C[C[C[C[C[C[C[C[C[C[CUPDATE Employee SET managerno = 9 WHERE deptno = 10 AND deptno = 1;[1P[1P[1P[1@O[1@R[C[C[C[C[C[C[C[C[C[C[C[C
(B[0;1mQuery OK, 3 rows affected (0.025 sec)
(B[m(B[0;1mRows matched: 3  Changed: 3  Warnings: 0
(B[m(B[0;1m
(B[mMariaDB [expt3]> UPDATE Employee SET managerno = 9 WHERE deptno = 10 OR deptno = 1;[1@AND[C[C[C[C[C[C[C[C[C[C[C[C[C[C[C[C[C[C[C[C[C[C[C[C[C[C[C[C[C[44PSELECT * FROM Employee;
+-------+----------+--------+--------------+-----------+------------+----------+-----------+--------+
| Empno | Empname  | Gender | job          | managerno | hiredate   | salary   | commision | deptno |
+-------+----------+--------+--------------+-----------+------------+----------+-----------+--------+
|     2 | Angelo   | M      | Clerk        |        11 | 2023-01-09 | 40000.00 |  30000.00 |      5 |
|     4 | Annie    | F      | Analyst      |        15 | 2022-03-08 | 21000.00 |      NULL |     20 |
|     5 | Brandon  | M      | President    |         5 | 2023-10-05 | 24000.00 |      NULL |     30 |
|     6 | Bunni    | F      | HR           |        11 | 2020-05-05 | 35000.00 |      NULL |      5 |
|     7 | Stella   | F      | receptionist |        11 | 2022-06-18 | 38000.00 |  50000.00 |      5 |
|     8 | Maria    | F      | Clerk        |         5 | 2022-07-22 | 40000.00 |   3000.00 |     30 |
|     9 | Max      | M      | Engineer     |         9 | 2022-11-05 | 45000.00 |      NULL |     10 |
|    10 | Lya      | F      | Analyst      |        15 | 2023-06-04 | 42000.00 |      NULL |     20 |
|    11 | Valery   | M      | Manager      |        11 | 2023-04-22 | 50000.00 |      NULL |      5 |
|    12 | Nikki    | F      | Clerk        |        11 | 2024-02-11 | 37000.00 |  10000.00 |      5 |
|    13 | Theodore | M      | Technician   |         9 | 2021-03-01 | 33000.00 |   5000.00 |     10 |
|    14 | Alice    | F      | Consultant   |         9 | 2022-01-19 | 53000.00 |      NULL |      1 |
|    15 | Elliot   | M      | Developer    |        15 | 2024-02-24 | 48000.00 |      NULL |     20 |
+-------+----------+--------+--------------+-----------+------------+----------+-----------+--------+
(B[0;1m13 rows in set (0.001 sec)
(B[m(B[0;1m
(B[mMariaDB [expt3]> SELECT * FROM Employee;[C[C[C[C[C[C[C[C[C[C[C[C[C[C[C[C[CUPDATE Employee SET managerno = 9 WHERE deptno = 10 OR deptno = 1;[C[C[C[C[C[C[C[C[C[1P[1P[1P[1P[1P[1P[1P[1P[1P[1@j[1@o[1@b[C[C[C[C[1P[1@'[1@M[1@a[1@n[1@a[1@g[1@e[1@r[1@'[C[C[C[C[C[C[C[C[C[C[C[C[C[C[C[C[C[C[C[C[C[C[C[C[C[C[C[C[C[C[C[C[1P;[1P;[1P;[1P;[1P;[1P;[1P;[1P;[1P;[1P;[1P;[1P;[1P;[1P;[1P;[1P;[1P;[1P;[1P;[1P;[1P;[1P;[1P;[1P;[1P;e;m;p;n;[1P;[1P;[1P;[1P;E;m;p;n;o; ;=; ;1;5; ;O;R; ;E;m;p;n;o; ;=; ;9;[C
(B[0;1mQuery OK, 2 rows affected (0.004 sec)
(B[m(B[0;1mRows matched: 2  Changed: 2  Warnings: 0
(B[m(B[0;1m
(B[mMariaDB [expt3]> UPDATE Employee SET job = 'Manager' WHERE Empno = 15 OR Empno = 9;[C[C[C[C[C[C[C[C[C[C[C[C[C[C[C[C[C[43PSELECT * FROM Employee;
+-------+----------+--------+--------------+-----------+------------+----------+-----------+--------+
| Empno | Empname  | Gender | job          | managerno | hiredate   | salary   | commision | deptno |
+-------+----------+--------+--------------+-----------+------------+----------+-----------+--------+
|     2 | Angelo   | M      | Clerk        |        11 | 2023-01-09 | 40000.00 |  30000.00 |      5 |
|     4 | Annie    | F      | Analyst      |        15 | 2022-03-08 | 21000.00 |      NULL |     20 |
|     5 | Brandon  | M      | President    |         5 | 2023-10-05 | 24000.00 |      NULL |     30 |
|     6 | Bunni    | F      | HR           |        11 | 2020-05-05 | 35000.00 |      NULL |      5 |
|     7 | Stella   | F      | receptionist |        11 | 2022-06-18 | 38000.00 |  50000.00 |      5 |
|     8 | Maria    | F      | Clerk        |         5 | 2022-07-22 | 40000.00 |   3000.00 |     30 |
|     9 | Max      | M      | Manager      |         9 | 2022-11-05 | 45000.00 |      NULL |     10 |
|    10 | Lya      | F      | Analyst      |        15 | 2023-06-04 | 42000.00 |      NULL |     20 |
|    11 | Valery   | M      | Manager      |        11 | 2023-04-22 | 50000.00 |      NULL |      5 |
|    12 | Nikki    | F      | Clerk        |        11 | 2024-02-11 | 37000.00 |  10000.00 |      5 |
|    13 | Theodore | M      | Technician   |         9 | 2021-03-01 | 33000.00 |   5000.00 |     10 |
|    14 | Alice    | F      | Consultant   |         9 | 2022-01-19 | 53000.00 |      NULL |      1 |
|    15 | Elliot   | M      | Manager      |        15 | 2024-02-24 | 48000.00 |      NULL |     20 |
+-------+----------+--------+--------------+-----------+------------+----------+-----------+--------+
(B[0;1m13 rows in set (0.001 sec)
(B[m(B[0;1m
(B[mMariaDB [expt3]> SELECT * FROM Employee;[C[C[C[C[C[C[C[C[C[C[C[C[C[C[C[C[CUPDATE Employee SET job = 'Manager' WHERE Empno = 15 OR Empno = 9;[C[C[C[C[C[C[C[1P[1P[1P[1P[1P[1P[1P[1@E[1@n[1@i[1@n[1@e[1@e[1P[1P[1P[1P[1@g[1@i[1@n[1@e[1@e[1@r[C[C[C[C[C[C[C[C[C[C[C[C[C[C[C[C[C[C[C[C[C[1P[1P[1P[1P[1P[1P[1P[1P[1P[1P[1P[1P[1P[1P[C[C[C[C[C[C[C[C[C[C[C
(B[0;1mQuery OK, 1 row affected (0.005 sec)
(B[m(B[0;1mRows matched: 1  Changed: 1  Warnings: 0
(B[m(B[0;1m
(B[mMariaDB [expt3]> UPDATE Employee SET job = 'Engineer' WHERE Empno = 9;[C[1P;1;5;[C[C[C[C[C[C[C[C[1P[1P[1P[1P[1P[1P[1P[1P[1@D[1@e[1@v[1@e[1@l[1@o[1@p[1@e[1@r[C[C[C[C[C[C[C[C[C[C[C[C[C[C[C[C[C[C[C
(B[0;1mQuery OK, 1 row affected (0.004 sec)
(B[m(B[0;1mRows matched: 1  Changed: 1  Warnings: 0
(B[m(B[0;1m
(B[mMariaDB [expt3]> UPDATE Employee SET job = 'Developer' WHERE Empno = 15;[2PEngineer' WHERE Empno = 9;[C[C[C[C[C[C[C[C[C[C[C[C[C[C[C[C[C[30PSELECT * FROM Employee;
+-------+----------+--------+--------------+-----------+------------+----------+-----------+--------+
| Empno | Empname  | Gender | job          | managerno | hiredate   | salary   | commision | deptno |
+-------+----------+--------+--------------+-----------+------------+----------+-----------+--------+
|     2 | Angelo   | M      | Clerk        |        11 | 2023-01-09 | 40000.00 |  30000.00 |      5 |
|     4 | Annie    | F      | Analyst      |        15 | 2022-03-08 | 21000.00 |      NULL |     20 |
|     5 | Brandon  | M      | President    |         5 | 2023-10-05 | 24000.00 |      NULL |     30 |
|     6 | Bunni    | F      | HR           |        11 | 2020-05-05 | 35000.00 |      NULL |      5 |
|     7 | Stella   | F      | receptionist |        11 | 2022-06-18 | 38000.00 |  50000.00 |      5 |
|     8 | Maria    | F      | Clerk        |         5 | 2022-07-22 | 40000.00 |   3000.00 |     30 |
|     9 | Max      | M      | Engineer     |         9 | 2022-11-05 | 45000.00 |      NULL |     10 |
|    10 | Lya      | F      | Analyst      |        15 | 2023-06-04 | 42000.00 |      NULL |     20 |
|    11 | Valery   | M      | Manager      |        11 | 2023-04-22 | 50000.00 |      NULL |      5 |
|    12 | Nikki    | F      | Clerk        |        11 | 2024-02-11 | 37000.00 |  10000.00 |      5 |
|    13 | Theodore | M      | Technician   |         9 | 2021-03-01 | 33000.00 |   5000.00 |     10 |
|    14 | Alice    | F      | Consultant   |         9 | 2022-01-19 | 53000.00 |      NULL |      1 |
|    15 | Elliot   | M      | Developer    |        15 | 2024-02-24 | 48000.00 |      NULL |     20 |
+-------+----------+--------+--------------+-----------+------------+----------+-----------+--------+
(B[0;1m13 rows in set (0.001 sec)
(B[m(B[0;1m
(B[mMariaDB [expt3]> exit;
(B[0;1mBye
(B[m[?2004h]0;alex@mint: ~/Desktop/Lab-Programs/Database-Management-Query-Processing-Lab-SEM5/Experiment 3[01;32malex@mint[00m:[01;34m~/Desktop/Lab-Programs/Database-Management-Query-Processing-Lab-SEM5/Experiment 3[00m$ [?2004l
exit

Script done on 2024-07-29 13:19:16+05:30 [COMMAND_EXIT_CODE="0"]
