Script started on 2024-07-14 22:43:27+05:30 [TERM="xterm-256color" TTY="/dev/pts/0" COLUMNS="102" LINES="27"]
[?2004h]0;alex@alex-mint: /media/alex/Windows/Users/Alex's Laptop/Desktop/Alex/15th_TE_SEM5 assignment/DBMS[01;32malex@alex-mint[00m:[01;34m/media/alex/Windows/Users/Alex's Laptop/Desktop/Alex/15th_TE_SEM5 assignment/DBMS[00m$ sudp [A[C[C[C[C[C[C[C[C[C[C[C[C[C[C[C[C[C[C[C[C[C[C[C[C[C[C[C[C[C[C[C[C[C[C[C[C[C[C[C[C[C[C[C[C[C[C[C[C[C[C[C[C[C[C[C[C[C[C[C[C[C[C[C[C[C[C[C[C[C[C[C[C[C[C[C[C[C[C[C[C[C[C[C[C[C[C[C[C[C[C[C[C[C[C[C[C[C[C[C[C[C[K
[K[A[C[C[C[C[C[C[C[C[C[C[C[C[C[C[C[C[C[C[C[C[C[C[C[C[C[C[C[C[C[C[C[C[C[C[C[C[C[C[C[C[C[C[C[C[C[C[C[C[C[C[C[C[C[C[C[C[C[C[C[C[C[C[C[C[C[C[C[C[C[C[C[C[C[C[C[C[C[C[C[C[C[C[C[C[C[C[C[C[C[C[C[C[C[C[C[C[C[C[C[C[C[Kdo /[K[A[C[C[C[C[C[C[C[C[C[C[C[C[C[C[C[C[C[C[C[C[C[C[C[C[C[C[C[C[C[C[C[C[C[C[C[C[C[C[C[C[C[C[C[C[C[C[C[C[C[C[C[C[C[C[C[C[C[C[C[C[C[C[C[C[C[C[C[C[C[C[C[C[C[C[C[C[C[C[C[C[C[C[C[C[C[C[C[C[C[C[C[C[C[C[C[C[C[C[C[C[C[K
[K[A[C[C[C[C[C[C[C[C[C[C[C[C[C[C[C[C[C[C[C[C[C[C[C[C[C[C[C[C[C[C[C[C[C[C[C[C[C[C[C[C[C[C[C[C[C[C[C[C[C[C[C[C[C[C[C[C[C[C[C[C[C[C[C[C[C[C[C[C[C[C[C[C[C[C[C[C[C[C[C[C[C[C[C[C[C[C[C[C[C[C[C[C[C[C[C[C[C[C[C[C[C[Kdo  /opt/lampp/lampp start
[?2004l[sudo] password for alex: ***************               
Starting XAMPP for Linux 8.2.12-0...
XAMPP: Starting Apache...already running.
XAMPP: Starting MySQL...already running.
XAMPP: Starting ProFTPD...already running.
[?2004h]0;alex@alex-mint: /media/alex/Windows/Users/Alex's Laptop/Desktop/Alex/15th_TE_SEM5 assignment/DBMS[01;32malex@alex-mint[00m:[01;34m/media/alex/Windows/Users/Alex's Laptop/Desktop/Alex/15th_TE_SEM5 assignment/DBMS[00m$ sudo  /opt/lampp/bin/mysql -u root
[?2004l(B[0;1mWelcome to the MariaDB monitor.  Commands end with ; or \g.
(B[m(B[0;1mYour MariaDB connection id is 11
Server version: 10.4.32-MariaDB Source distribution

(B[m(B[0;1mCopyright (c) 2000, 2018, Oracle, MariaDB Corporation Ab and others.

(B[m(B[0;1mType 'help;' or '\h' for help. Type '\c' to clear the current input statement.

(B[m[?1034hMariaDB [(none)]> shpw[K[Kow databases;
+--------------------+
| Database           |
+--------------------+
| expt1              |
| information_schema |
| mysql              |
| performance_schema |
| phpmyadmin         |
| test               |
+--------------------+
(B[0;1m6 rows in set (0.001 sec)
(B[m(B[0;1m
(B[mMariaDB [(none)]> use expt1;
Reading table information for completion of table and column names
You can turn off this feature to get a quicker startup with -A

(B[0;1mDatabase changed
(B[mMariaDB [expt1]> insert into Dept (Dept[K[K[Keptno, dname, location) valies[K[K[Kues (de[K[K'1', 'Accounting', "[K'Delhi[K[K[K[K[KVal[Kncouver');
(B[0;1mQuery OK, 1 row affected (0.003 sec)
(B[m(B[0;1m
(B[mMariaDB [expt1]> insert into Dept (Deptno, dname, location) values ('1', 'Accounting', 'Vancouver');[C[1P[1@5[C[C[C[C[C[C[C[C[C[C[C[C[C[C[1P[1P[1P[1P[1P[1P[1P[1P[1P[1P[1@R[1@E[1@s[1@e[1P[1P[1P[1P[1@P[1@a[1@n[1P[1P[1@l[1@a[1P[1P[1P[1@R[1@e[1@a[1@s[1@e[1@a[1P[1P[1P[1P[1P[1P[1@S[1@a[1@l[1@e[1@s[C[C[C[C[C[C[C[C[C[C[C[C[C[1P');[1P');[1P');[1P');[1P');[1P');[1P');[1P');[1P');B');e');n');g');a');l');u');r');u');[C[C[C
(B[0;1mQuery OK, 1 row affected (0.005 sec)
(B[m(B[0;1m
(B[mMariaDB [expt1]> insert into Dept (Deptno, dname, location) values ('5', 'Sales', 'Bengaluru');[C[1P[1@1[1@0[C[C[C[C[C[C[C[C[C[1P[1P[1P[1P[1P[1@R[1@e[1@s[1@e[1@a[1@r[1@c[1@h[C[C[C[C[C[C[C[C[C[C[C[C[C[1P');[1P');[1P');[1P');[1P');[1P');[1P');[1P');[1P');D');u');b');l');i');n');[C[C[C
(B[0;1mQuery OK, 1 row affected (0.002 sec)
(B[m(B[0;1m
(B[mMariaDB [expt1]> insert into Dept (Deptno, dname, location) values ('10', 'Research', 'Dublin');[C[C[1P[1P[1@2[1@0[C[C[C[C[C[C[C[C[C[C[C[C[1P[1P[1P[1P[1P[1P[1P[1P[1@H[1@R[C[C[C[C[C[C[C[C[C[C[1P');[1P');[1P');[1P');[1P');[1P');W');a');r');s');a');[1P');[1P');[1P');[1P');[1P');L');o');n');d');o');n');[C[C[C
(B[0;1mQuery OK, 1 row affected (0.003 sec)
(B[m(B[0;1m
(B[mMariaDB [expt1]> insert into Dept (Deptno, dname, location) values ('20', 'HR', 'London');[C[C[1P[1P[1@3[1@0[C[C[C[C[C[C[1P[1P[1@M[1@a[1@r[1@k[1@e[1@t[1@i[1@n[1@g[C[C[C[C[C[C[C[C[C[C[1P');[1P');[1P');[1P');[1P');[1P');J');[1P');H');y');d');e');r');a');b');a');d');[C[C[C
(B[0;1mQuery OK, 1 row affected (0.051 sec)
(B[m(B[0;1m
(B[mMariaDB [expt1]> desc Employee;
+-----------+-------------+------+-----+---------+-------+
| Field     | Type        | Null | Key | Default | Extra |
+-----------+-------------+------+-----+---------+-------+
| Empno     | int(11)     | NO   | PRI | NULL    |       |
| Empname   | varchar(25) | NO   |     | NULL    |       |
| Gender    | varchar(1)  | YES  |     | NULL    |       |
| job       | varchar(25) | YES  |     | NULL    |       |
| managerno | int(11)     | YES  |     | NULL    |       |
| hiredate  | date        | YES  |     | NULL    |       |
| salary    | float(12,2) | YES  |     | NULL    |       |
| commision | float(10,2) | YES  |     | NULL    |       |
| deptno    | tinyint(4)  | YES  |     | NULL    |       |
+-----------+-------------+------+-----+---------+-------+
(B[0;1m9 rows in set (0.002 sec)
(B[m(B[0;1m
(B[mMariaDB [expt1]> desc Dept;
+----------+-------------+------+-----+---------+-------+
| Field    | Type        | Null | Key | Default | Extra |
+----------+-------------+------+-----+---------+-------+
| Deptno   | int(11)     | NO   | PRI | NULL    |       |
| dname    | varchar(25) | NO   |     | NULL    |       |
| location | varchar(20) | YES  |     | NULL    |       |
+----------+-------------+------+-----+---------+-------+
(B[0;1m3 rows in set (0.002 sec)
(B[m(B[0;1m
(B[mMariaDB [expt1]> SELECT * FROM E[KEmployee;
+-------+----------+--------+--------------+-----------+------------+----------+-----------+--------+
| Empno | Empname  | Gender | job          | managerno | hiredate   | salary   | commision | deptno |
+-------+----------+--------+--------------+-----------+------------+----------+-----------+--------+
|     1 | Astolfo  | M      | Clerk        |       233 | 2023-10-08 | 30000.00 |  40000.00 |     10 |
|     2 | Angelo   | M      | Clerk        |       300 | 2023-01-09 | 40000.00 |  30000.00 |      5 |
|     3 | Altone   | M      | Analyst      |       100 | 2020-03-02 | 20000.00 |  30000.00 |      1 |
|     4 | Annie    | F      | Analyst      |       120 | 2022-03-08 | 21000.00 |      NULL |     20 |
|     5 | Brandon  | M      | President    |       150 | 2023-10-05 | 24000.00 |      NULL |     30 |
|     6 | Bunni    | F      | HR           |       180 | 2020-05-05 | 35000.00 |      NULL |      5 |
|     7 | Stella   | F      | receptionist |       400 | 2022-06-18 | 38000.00 |  50000.00 |      5 |
|     8 | Maria    | F      | Clerk        |       450 | 2022-07-22 | 40000.00 |   3000.00 |     30 |
|     9 | Max      | M      | Engineer     |       500 | 2022-11-05 | 45000.00 |      NULL |     10 |
|    10 | Lya      | F      | Analyst      |       600 | 2023-06-04 | 42000.00 |      NULL |     20 |
|    11 | Valery   | M      | Manager      |       700 | 2023-04-22 | 50000.00 |      NULL |      5 |
|    12 | Nikki    | F      | Clerk        |       800 | 2024-02-11 | 37000.00 |  10000.00 |      5 |
|    13 | Theodore | M      | Technician   |       900 | 2021-03-01 | 33000.00 |   5000.00 |     10 |
|    14 | Alice    | F      | Consultant   |      1000 | 2022-01-19 | 53000.00 |      NULL |      1 |
|    15 | Elliot   | M      | Developer    |      1100 | 2024-02-24 | 48000.00 |      NULL |     20 |
+-------+----------+--------+--------------+-----------+------------+----------+-----------+--------+
(B[0;1m15 rows in set (0.001 sec)
(B[m(B[0;1m
(B[mMariaDB [expt1]> SELECT * FROM Employee;[C[1P;[1P;[1P;[1P;[1P;[1P;[1P;[1P;D;e;p;t;[C
+--------+------------+-----------+
| Deptno | dname      | location  |
+--------+------------+-----------+
|      1 | Accounting | Vancouver |
|      5 | Sales      | Bengaluru |
|     10 | Research   | Dublin    |
|     20 | HR         | London    |
|     30 | Marketing  | Hyderabad |
+--------+------------+-----------+
(B[0;1m5 rows in set (0.001 sec)
(B[m(B[0;1m
(B[mMariaDB [expt1]> E[KSELECT Empno, nam[K[K[KEmpname, job, hiredate FOR[K[KROM Employeel[K;
+-------+----------+--------------+------------+
| Empno | Empname  | job          | hiredate   |
+-------+----------+--------------+------------+
|     1 | Astolfo  | Clerk        | 2023-10-08 |
|     2 | Angelo   | Clerk        | 2023-01-09 |
|     3 | Altone   | Analyst      | 2020-03-02 |
|     4 | Annie    | Analyst      | 2022-03-08 |
|     5 | Brandon  | President    | 2023-10-05 |
|     6 | Bunni    | HR           | 2020-05-05 |
|     7 | Stella   | receptionist | 2022-06-18 |
|     8 | Maria    | Clerk        | 2022-07-22 |
|     9 | Max      | Engineer     | 2022-11-05 |
|    10 | Lya      | Analyst      | 2023-06-04 |
|    11 | Valery   | Manager      | 2023-04-22 |
|    12 | Nikki    | Clerk        | 2024-02-11 |
|    13 | Theodore | Technician   | 2021-03-01 |
|    14 | Alice    | Consultant   | 2022-01-19 |
|    15 | Elliot   | Developer    | 2024-02-24 |
+-------+----------+--------------+------------+
(B[0;1m15 rows in set (0.001 sec)
(B[m(B[0;1m
(B[mMariaDB [expt1]> SELECT Empno, Empname, job, hiredate FROM Employee;[1P[1P[1P[1P[1P[1P[1P[1P[1@s[1@a[1@l[1@a[1@r[1@y[C[C[C[C[C[C[C[C[C[C[C[C[C[C ;W;H;E;R;E; ;D;e;p;t;n;o; ;=; ;1;0;[C
+-------+----------+------------+----------+
| Empno | Empname  | job        | salary   |
+-------+----------+------------+----------+
|     1 | Astolfo  | Clerk      | 30000.00 |
|     9 | Max      | Engineer   | 45000.00 |
|    13 | Theodore | Technician | 33000.00 |
+-------+----------+------------+----------+
(B[0;1m3 rows in set (0.001 sec)
(B[m(B[0;1m
(B[mMariaDB [expt1]> SELECT Empname, salary FROM Employee WHERE job = 'Clerk';
+---------+----------+
| Empname | salary   |
+---------+----------+
| Astolfo | 30000.00 |
| Angelo  | 40000.00 |
| Maria   | 40000.00 |
| Nikki   | 37000.00 |
+---------+----------+
(B[0;1m4 rows in set (0.001 sec)
(B[m(B[0;1m
(B[mMariaDB [expt1]> SELECT Empname, salary FROM Employee WHERE job = 'Clerk';[C[C[C[C[C[C[C[C[C[C[C[C[C[C[C[C[C[KSELC[KECT Deptno, Dname[K[K[K[K[Kdname FROM de[K[KDE[Kept WHERE dept[K[K[K[KDE[Keptno>=20;
+--------+-----------+
| Deptno | dname     |
+--------+-----------+
|     20 | HR        |
|     30 | Marketing |
+--------+-----------+
(B[0;1m2 rows in set (0.001 sec)
(B[m(B[0;1m
(B[mMariaDB [expt1]> SELECT Deptno, dname FROM Dept WHERE Deptno>=20;[C[C[C[C[C[C[C[C[C[C[C[C[C[C[C[C[C[KSELCE[K[KECT EM[Kmpname FROM Employee WHERE salacry<[K[K[K[Kry [K<25000;
+---------+
| Empname |
+---------+
| Altone  |
| Annie   |
| Brandon |
+---------+
(B[0;1m3 rows in set (0.001 sec)
(B[m(B[0;1m
(B[mMariaDB [expt1]> SELECT Empln[K[Kname FROM Employee WHERE gen[K[K[KGE[Kender = 'f[KF' and Deptno [K - [K[K[K = 5 and salary > 30000;
+---------+
| Empname |
+---------+
| Bunni   |
| Stella  |
| Nikki   |
+---------+
(B[0;1m3 rows in set (0.001 sec)
(B[m(B[0;1m
(B[mMariaDB [expt1]> SELECT Empname FROM Employee WHERE Gender = 'F' and Deptno = 5 and salary > 30000;[C[C[C[C[C[C[C[C[C[C[C[C[C[C[C[C[C[KSELECT Empln[K[Kname, S[Ksalary, commision FROM Employee WHERE salary < commision;
+---------+----------+-----------+
| Empname | salary   | commision |
+---------+----------+-----------+
| Astolfo | 30000.00 |  40000.00 |
| Altone  | 20000.00 |  30000.00 |
| Stella  | 38000.00 |  50000.00 |
+---------+----------+-----------+
(B[0;1m3 rows in set (0.001 sec)
(B[m(B[0;1m
(B[mMariaDB [expt1]> SELECT Empname, salary, commision FROM Employee WHERE salary < commision;[C[C[C[C[C[C[C[C[C[C[C[C[C[C[C[C[C[KSELECT Empl[Kno, Empname FROM Employee WHERE jon = [K[K[K[Kb = 'President';
+-------+---------+
| Empno | Empname |
+-------+---------+
|     5 | Brandon |
+-------+---------+
(B[0;1m1 row in set (0.001 sec)
(B[m(B[0;1m
(B[mMariaDB [expt1]> SELECT * FROM EM[Kmployee WHERE commiss[Kion = 'NULL'[K[1PNULL[C[C[C[C
    -> l[K;
(B[0;1mEmpty set (0.001 sec)
(B[m(B[0;1m
(B[mMariaDB [expt1]> ;SELECT * FROM Employee WHERE commision = NULL[K[K[K[K[K[KIS NULL;
+-------+---------+--------+------------+-----------+------------+----------+-----------+--------+
| Empno | Empname | Gender | job        | managerno | hiredate   | salary   | commision | deptno |
+-------+---------+--------+------------+-----------+------------+----------+-----------+--------+
|     4 | Annie   | F      | Analyst    |       120 | 2022-03-08 | 21000.00 |      NULL |     20 |
|     5 | Brandon | M      | President  |       150 | 2023-10-05 | 24000.00 |      NULL |     30 |
|     6 | Bunni   | F      | HR         |       180 | 2020-05-05 | 35000.00 |      NULL |      5 |
|     9 | Max     | M      | Engineer   |       500 | 2022-11-05 | 45000.00 |      NULL |     10 |
|    10 | Lya     | F      | Analyst    |       600 | 2023-06-04 | 42000.00 |      NULL |     20 |
|    11 | Valery  | M      | Manager    |       700 | 2023-04-22 | 50000.00 |      NULL |      5 |
|    14 | Alice   | F      | Consultant |      1000 | 2022-01-19 | 53000.00 |      NULL |      1 |
|    15 | Elliot  | M      | Developer  |      1100 | 2024-02-24 | 48000.00 |      NULL |     20 |
+-------+---------+--------+------------+-----------+------------+----------+-----------+--------+
(B[0;1m8 rows in set (0.001 sec)
(B[m(B[0;1m
(B[mMariaDB [expt1]> SELECT EM[Kmpl[Kname FROM Emloyee WHERE job = 'Analyst' or jb = [K[K[K[Kp[Kob '[K= 'Clerk';
ERROR 1146 (42S02): Table 'expt1.Emloyee' doesn't exist
(B[0;7m(B[mMariaDB [expt1]> SELECT Empname FROM Emloyee WHERE job = 'Analyst' or job = 'Clerk';[1@p[C[C[C[C[C[C[C[C[C[C[C[C[C[C[C[C[C[C[C[C[C[C[C[C[C[C[C[C[C[C[C[C[C[C[C[C[C[C[C[C[C[C[C[C[C
+---------+
| Empname |
+---------+
| Astolfo |
| Angelo  |
| Altone  |
| Annie   |
| Maria   |
| Lya     |
| Nikki   |
+---------+
(B[0;1m7 rows in set (0.001 sec)
(B[m(B[0;1m
(B[mMariaDB [expt1]> S[KSELECT DISTINCT job FROM Employee;
+--------------+
| job          |
+--------------+
| Clerk        |
| Analyst      |
| President    |
| HR           |
| receptionist |
| Engineer     |
| Manager      |
| Technician   |
| Consultant   |
| Developer    |
+--------------+
(B[0;1m10 rows in set (0.001 sec)
(B[m(B[0;1m
(B[mMariaDB [expt1]> SELECT Empname FROM Employee WHERE LENGTH(Empname [K) = 4;
(B[0;1mEmpty set (0.001 sec)
(B[m(B[0;1m
(B[mMariaDB [expt1]> SELECT Empname FROM Employee WHERE LENGTH(Empname) = 4;[1P[1P[1P[1P[1P[1P[1P[1@ [1@R[1@I[1@G[1@H[1@T[C[C[C[C[C[C[C[C[1@,[1@ [1@1[C[C[C[C[C[1P;';r;';[C
(B[0;1mEmpty set (0.001 sec)
(B[m(B[0;1m
(B[mMariaDB [expt1]> SELECT Empname FROM Employee WHERE RIGHT(Empname, 1) = 'r';[C[C[C[C[C[C[C[C[C[C[C[C[C[C[C[C[C[C[C[C[C[C[1P;[1P;[1P;[1P;[1P;[1P;[1P;[1P;[1P;[1P;[1P;[1P;[1P;[1P;[1P;[1P;[1P;[1P;[1P;[1P;[1P;[1P;[1P;E;M;P;[1P;[1P;m;p;n;a;m;e; ;>; ;';A;'; ;a;n;d; ;E;m;p;n;a;m;e; ;<; ;';G;';[C
+---------+
| Empname |
+---------+
| Astolfo |
| Angelo  |
| Altone  |
| Annie   |
| Brandon |
| Bunni   |
| Alice   |
| Elliot  |
+---------+
(B[0;1m8 rows in set (0.001 sec)
(B[m(B[0;1m
(B[mMariaDB [expt1]> SELECT * FROM Employee ORde[K[KR[KDERby [K[K[K by S[Ksalary ASC[C[C[1P[1P[1@B[1@Y[C[C[C[C[C[C[C[C[C[C[C
    -> ;
+-------+----------+--------+--------------+-----------+------------+----------+-----------+--------+
| Empno | Empname  | Gender | job          | managerno | hiredate   | salary   | commision | deptno |
+-------+----------+--------+--------------+-----------+------------+----------+-----------+--------+
|     3 | Altone   | M      | Analyst      |       100 | 2020-03-02 | 20000.00 |  30000.00 |      1 |
|     4 | Annie    | F      | Analyst      |       120 | 2022-03-08 | 21000.00 |      NULL |     20 |
|     5 | Brandon  | M      | President    |       150 | 2023-10-05 | 24000.00 |      NULL |     30 |
|     1 | Astolfo  | M      | Clerk        |       233 | 2023-10-08 | 30000.00 |  40000.00 |     10 |
|    13 | Theodore | M      | Technician   |       900 | 2021-03-01 | 33000.00 |   5000.00 |     10 |
|     6 | Bunni    | F      | HR           |       180 | 2020-05-05 | 35000.00 |      NULL |      5 |
|    12 | Nikki    | F      | Clerk        |       800 | 2024-02-11 | 37000.00 |  10000.00 |      5 |
|     7 | Stella   | F      | receptionist |       400 | 2022-06-18 | 38000.00 |  50000.00 |      5 |
|     8 | Maria    | F      | Clerk        |       450 | 2022-07-22 | 40000.00 |   3000.00 |     30 |
|     2 | Angelo   | M      | Clerk        |       300 | 2023-01-09 | 40000.00 |  30000.00 |      5 |
|    10 | Lya      | F      | Analyst      |       600 | 2023-06-04 | 42000.00 |      NULL |     20 |
|     9 | Max      | M      | Engineer     |       500 | 2022-11-05 | 45000.00 |      NULL |     10 |
|    15 | Elliot   | M      | Developer    |      1100 | 2024-02-24 | 48000.00 |      NULL |     20 |
|    11 | Valery   | M      | Manager      |       700 | 2023-04-22 | 50000.00 |      NULL |      5 |
|    14 | Alice    | F      | Consultant   |      1000 | 2022-01-19 | 53000.00 |      NULL |      1 |
+-------+----------+--------+--------------+-----------+------------+----------+-----------+--------+
(B[0;1m15 rows in set (0.001 sec)
(B[m(B[0;1m
(B[mMariaDB [expt1]> W[KSELECT * FROM Employee ORDER BY deptno ASC, Empname S[KASC[1P[1@D[C[C[C[C[C[C[C[C[C[C[C[C[C[C[C[C[C[C[C[C[C[C[C[C[C[K[K[K[K[K[K[K[K[K[K[K[K[K[K[K[K[K[K[K[K[K[K[K[K[K[K[K[K[K[K[K[K[K[K[K[K[K[K[K[K[K[K[K[K[K[K[K[K[K[K[K[K[K[K[K;SELECT * FROM Employee ORDER BY salary ASC[C[1P ASC[1P ASC[1P ASC[1P ASC[1P ASC[1P ASCD ASCe ASCp ASCt ASCn ASCo ASC[C[C[C[C, Empname ASC;
+-------+----------+--------+--------------+-----------+------------+----------+-----------+--------+
| Empno | Empname  | Gender | job          | managerno | hiredate   | salary   | commision | deptno |
+-------+----------+--------+--------------+-----------+------------+----------+-----------+--------+
|    14 | Alice    | F      | Consultant   |      1000 | 2022-01-19 | 53000.00 |      NULL |      1 |
|     3 | Altone   | M      | Analyst      |       100 | 2020-03-02 | 20000.00 |  30000.00 |      1 |
|     2 | Angelo   | M      | Clerk        |       300 | 2023-01-09 | 40000.00 |  30000.00 |      5 |
|     6 | Bunni    | F      | HR           |       180 | 2020-05-05 | 35000.00 |      NULL |      5 |
|    12 | Nikki    | F      | Clerk        |       800 | 2024-02-11 | 37000.00 |  10000.00 |      5 |
|     7 | Stella   | F      | receptionist |       400 | 2022-06-18 | 38000.00 |  50000.00 |      5 |
|    11 | Valery   | M      | Manager      |       700 | 2023-04-22 | 50000.00 |      NULL |      5 |
|     1 | Astolfo  | M      | Clerk        |       233 | 2023-10-08 | 30000.00 |  40000.00 |     10 |
|     9 | Max      | M      | Engineer     |       500 | 2022-11-05 | 45000.00 |      NULL |     10 |
|    13 | Theodore | M      | Technician   |       900 | 2021-03-01 | 33000.00 |   5000.00 |     10 |
|     4 | Annie    | F      | Analyst      |       120 | 2022-03-08 | 21000.00 |      NULL |     20 |
|    15 | Elliot   | M      | Developer    |      1100 | 2024-02-24 | 48000.00 |      NULL |     20 |
|    10 | Lya      | F      | Analyst      |       600 | 2023-06-04 | 42000.00 |      NULL |     20 |
|     5 | Brandon  | M      | President    |       150 | 2023-10-05 | 24000.00 |      NULL |     30 |
|     8 | Maria    | F      | Clerk        |       450 | 2022-07-22 | 40000.00 |   3000.00 |     30 |
+-------+----------+--------+--------------+-----------+------------+----------+-----------+--------+
(B[0;1m15 rows in set (0.001 sec)
(B[m(B[0;1m
(B[mMariaDB [expt1]> SELECT Empname [K, hid[Kredate FROM E[Kem[KEM[K[K[KEmployee ORDER BY hiredate DESC;
+----------+------------+
| Empname  | hiredate   |
+----------+------------+
| Elliot   | 2024-02-24 |
| Nikki    | 2024-02-11 |
| Astolfo  | 2023-10-08 |
| Brandon  | 2023-10-05 |
| Lya      | 2023-06-04 |
| Valery   | 2023-04-22 |
| Angelo   | 2023-01-09 |
| Max      | 2022-11-05 |
| Maria    | 2022-07-22 |
| Stella   | 2022-06-18 |
| Annie    | 2022-03-08 |
| Alice    | 2022-01-19 |
| Theodore | 2021-03-01 |
| Bunni    | 2020-05-05 |
| Altone   | 2020-03-02 |
+----------+------------+
(B[0;1m15 rows in set (0.001 sec)
(B[m(B[0;1m
(B[mMariaDB [expt1]> SE:[KLECT EMpnam[K[K[K[K[Kmpname FROM Employee WHERE dept[K[K[K[KDeptno = 30 ORDER BY salary DESC;
+---------+
| Empname |
+---------+
| Maria   |
| Brandon |
+---------+
(B[0;1m2 rows in set (0.001 sec)
(B[m(B[0;1m
(B[mMariaDB [expt1]> SELECT Empname FROM Employee WHERE Deptno = 30 ORDER BY salary DESC;[K[K[K[K[K[K[K[K[K[K[K[K[K[K[K[K[K[K[K[K[K[K[K[K[K[K[K[K[K[K[K[K[K[K[K[K[K[K[K[K[K[K[K[K[K[K[K[K[K[K[K[K[K[K[KSELECT EM[Kmpname, salary, (salary * 0.1) AS PF FROM Ep[Kmployee;
+----------+----------+---------+
| Empname  | salary   | PF      |
+----------+----------+---------+
| Astolfo  | 30000.00 | 3000.00 |
| Angelo   | 40000.00 | 4000.00 |
| Altone   | 20000.00 | 2000.00 |
| Annie    | 21000.00 | 2100.00 |
| Brandon  | 24000.00 | 2400.00 |
| Bunni    | 35000.00 | 3500.00 |
| Stella   | 38000.00 | 3800.00 |
| Maria    | 40000.00 | 4000.00 |
| Max      | 45000.00 | 4500.00 |
| Lya      | 42000.00 | 4200.00 |
| Valery   | 50000.00 | 5000.00 |
| Nikki    | 37000.00 | 3700.00 |
| Theodore | 33000.00 | 3300.00 |
| Alice    | 53000.00 | 5300.00 |
| Elliot   | 48000.00 | 4800.00 |
+----------+----------+---------+
(B[0;1m15 rows in set (0.001 sec)
(B[m(B[0;1m
(B[mMariaDB [expt1]> SELECT EMP[K[Kmpname FROM Employee WHERE DAE[KTEDIFF(CURDATE(), hiredate0[K) > 730;
+----------+
| Empname  |
+----------+
| Altone   |
| Annie    |
| Bunni    |
| Stella   |
| Theodore |
| Alice    |
+----------+
(B[0;1m6 rows in set (0.001 sec)
(B[m(B[0;1m
(B[mMariaDB [expt1]> DELETE FROM Employee WHERE Gender = "m[K[K'M' and Co[K[Kcommision > salary;
(B[0;1mQuery OK, 2 rows affected (0.003 sec)
(B[m(B[0;1m
(B[mMariaDB [expt1]> select * from EMpl[K[K[K[K[K[K[K[K[K[K[K[K[K[K[K[K[K[KE[KSELECT * FROM Employee;
+-------+----------+--------+--------------+-----------+------------+----------+-----------+--------+
| Empno | Empname  | Gender | job          | managerno | hiredate   | salary   | commision | deptno |
+-------+----------+--------+--------------+-----------+------------+----------+-----------+--------+
|     2 | Angelo   | M      | Clerk        |       300 | 2023-01-09 | 40000.00 |  30000.00 |      5 |
|     4 | Annie    | F      | Analyst      |       120 | 2022-03-08 | 21000.00 |      NULL |     20 |
|     5 | Brandon  | M      | President    |       150 | 2023-10-05 | 24000.00 |      NULL |     30 |
|     6 | Bunni    | F      | HR           |       180 | 2020-05-05 | 35000.00 |      NULL |      5 |
|     7 | Stella   | F      | receptionist |       400 | 2022-06-18 | 38000.00 |  50000.00 |      5 |
|     8 | Maria    | F      | Clerk        |       450 | 2022-07-22 | 40000.00 |   3000.00 |     30 |
|     9 | Max      | M      | Engineer     |       500 | 2022-11-05 | 45000.00 |      NULL |     10 |
|    10 | Lya      | F      | Analyst      |       600 | 2023-06-04 | 42000.00 |      NULL |     20 |
|    11 | Valery   | M      | Manager      |       700 | 2023-04-22 | 50000.00 |      NULL |      5 |
|    12 | Nikki    | F      | Clerk        |       800 | 2024-02-11 | 37000.00 |  10000.00 |      5 |
|    13 | Theodore | M      | Technician   |       900 | 2021-03-01 | 33000.00 |   5000.00 |     10 |
|    14 | Alice    | F      | Consultant   |      1000 | 2022-01-19 | 53000.00 |      NULL |      1 |
|    15 | Elliot   | M      | Developer    |      1100 | 2024-02-24 | 48000.00 |      NULL |     20 |
+-------+----------+--------+--------------+-----------+------------+----------+-----------+--------+
(B[0;1m13 rows in set (0.001 sec)
(B[m(B[0;1m
(B[mMariaDB [expt1]> exit;
(B[0;1mBye
(B[m[?2004h]0;alex@alex-mint: /media/alex/Windows/Users/Alex's Laptop/Desktop/Alex/15th_TE_SEM5 assignment/DBMS[01;32malex@alex-mint[00m:[01;34m/media/alex/Windows/Users/Alex's Laptop/Desktop/Alex/15th_TE_SEM5 assignment/DBMS[00m$ [?2004l
exit

Script done on 2024-07-14 23:03:16+05:30 [COMMAND_EXIT_CODE="0"]
